Number Insured,Number Uninsured,Age Category,County,Percentage Insured,Percentage Uninsured
114466,19822,Total,"Alamance County, NC",85.2391874180865,14.7608125819135
34374,2009,Under 18,"Alamance County, NC",94.47819036363137,5.5218096363686335
33436,10487,18 to 40 years,"Alamance County, NC",76.12412631195501,23.875873688044987
17060,3601,40 to 50 years,"Alamance County, NC",82.57102753980931,17.428972460190696
29596,3725,50 to 64 years,"Alamance County, NC",88.82086371957624,11.179136280423757
24561,3867,Total,"Alexander County, NC",86.39721401435204,13.602785985647953
6832,443,Under 18,"Alexander County, NC",93.91065292096219,6.0893470790378
7018,1716,18 to 40 years,"Alexander County, NC",80.35264483627203,19.64735516372796
3702,811,40 to 50 years,"Alexander County, NC",82.02969200088633,17.970307999113672
7009,897,50 to 64 years,"Alexander County, NC",88.65418669365039,11.345813306349608
6335,1535,Total,"Alleghany County, NC",80.49555273189327,19.504447268106734
1658,158,Under 18,"Alleghany County, NC",91.29955947136564,8.700440528634362
1599,669,18 to 40 years,"Alleghany County, NC",70.5026455026455,29.497354497354497
914,320,40 to 50 years,"Alleghany County, NC",74.0680713128039,25.93192868719611
2164,388,50 to 64 years,"Alleghany County, NC",84.7962382445141,15.203761755485893
15479,2372,Total,"Anson County, NC",86.71222900677833,13.287770993221669
4417,212,Under 18,"Anson County, NC",95.4201771440916,4.579822855908404
4648,1186,18 to 40 years,"Anson County, NC",79.67089475488515,20.329105245114842
2180,406,40 to 50 years,"Anson County, NC",84.3000773395205,15.699922660479505
4234,568,50 to 64 years,"Anson County, NC",88.17159516867972,11.828404831320283
16513,3261,Total,"Ashe County, NC",83.50864771922727,16.49135228077273
4301,310,Under 18,"Ashe County, NC",93.27694643244415,6.723053567555845
4304,1456,18 to 40 years,"Ashe County, NC",74.72222222222223,25.27777777777778
2561,672,40 to 50 years,"Ashe County, NC",79.21435199505103,20.785648004948964
5347,823,50 to 64 years,"Ashe County, NC",86.6612641815235,13.338735818476499
9006,2135,Total,"Avery County, NC",80.83654968135716,19.16345031864285
2191,213,Under 18,"Avery County, NC",91.13976705490849,8.860232945091514
2577,955,18 to 40 years,"Avery County, NC",72.96149490373726,27.03850509626274
1424,422,40 to 50 years,"Avery County, NC",77.1397616468039,22.8602383531961
2814,545,50 to 64 years,"Avery County, NC",83.7749330157785,16.225066984221495
29928,5040,Total,"Beaufort County, NC",85.58682223747427,14.413177762525738
8505,519,Under 18,"Beaufort County, NC",94.24867021276596,5.7513297872340425
8162,2169,18 to 40 years,"Beaufort County, NC",79.00493659858678,20.995063401413223
4457,1069,40 to 50 years,"Beaufort County, NC",80.6550850524792,19.34491494752081
8804,1283,50 to 64 years,"Beaufort County, NC",87.28065827302468,12.719341726975316
11415,1639,Total,"Bertie County, NC",87.44446146774935,12.555538532250651
2982,145,Under 18,"Bertie County, NC",95.36296770067158,4.63703229932843
3120,775,18 to 40 years,"Bertie County, NC",80.10269576379974,19.897304236200256
1669,287,40 to 50 years,"Bertie County, NC",85.32719836400818,14.67280163599182
3644,432,50 to 64 years,"Bertie County, NC",89.40137389597645,10.598626104023552
20748,3994,Total,"Bladen County, NC",83.85740845525827,16.142591544741734
5933,444,Under 18,"Bladen County, NC",93.03747843813706,6.962521561862945
5697,1797,18 to 40 years,"Bladen County, NC",76.02081665332265,23.979183346677342
3130,824,40 to 50 years,"Bladen County, NC",79.16034395548812,20.839656044511887
5988,929,50 to 64 years,"Bladen County, NC",86.56932196038746,13.430678039612548
82803,12873,Total,"Brunswick County, NC",86.54521510096576,13.454784899034241
19550,1110,Under 18,"Brunswick County, NC",94.6272991287512,5.37270087124879
21264,5623,18 to 40 years,"Brunswick County, NC",79.08654740209023,20.91345259790977
11688,2312,40 to 50 years,"Brunswick County, NC",83.48571428571428,16.514285714285716
30301,3828,50 to 64 years,"Brunswick County, NC",88.7837323097659,11.216267690234112
172902,29493,Total,"Buncombe County, NC",85.42799970354999,14.57200029645001
43555,2942,Under 18,"Buncombe County, NC",93.67271006731617,6.327289932683829
56470,14499,18 to 40 years,"Buncombe County, NC",79.56995307810452,20.430046921895475
27436,6169,40 to 50 years,"Buncombe County, NC",81.64261270644249,18.357387293557505
45441,5883,50 to 64 years,"Buncombe County, NC",88.53752630348374,11.46247369651625
58384,10688,Total,"Burke County, NC",84.52629140606903,15.47370859393097
15018,842,Under 18,"Burke County, NC",94.69104665825978,5.308953341740227
16687,5208,18 to 40 years,"Burke County, NC",76.21374743092031,23.7862525690797
8878,2196,40 to 50 years,"Burke County, NC",80.16976702185299,19.83023297814701
17801,2442,50 to 64 years,"Burke County, NC",87.9365706664032,12.0634293335968
165888,20893,Total,"Cabarrus County, NC",88.81417274776342,11.185827252236576
51527,2890,Under 18,"Cabarrus County, NC",94.68915963761324,5.310840362386754
50366,9957,18 to 40 years,"Cabarrus County, NC",83.49385806408833,16.506141935911675
27204,4544,40 to 50 years,"Cabarrus County, NC",85.68728738818193,14.312712611818068
36791,3502,50 to 64 years,"Cabarrus County, NC",91.30866403593676,8.691335964063237
54626,9855,Total,"Caldwell County, NC",84.71642809509778,15.28357190490222
15093,870,Under 18,"Caldwell County, NC",94.54989663597068,5.450103364029318
15199,4663,18 to 40 years,"Caldwell County, NC",76.52300876044708,23.476991239552916
8404,2050,40 to 50 years,"Caldwell County, NC",80.39028123206428,19.609718767935718
15930,2272,50 to 64 years,"Caldwell County, NC",87.51785518074936,12.482144819250632
8026,1016,Total,"Camden County, NC",88.76354788763548,11.236452112364521
2300,145,Under 18,"Camden County, NC",94.06952965235173,5.930470347648262
2264,462,18 to 40 years,"Camden County, NC",83.0520909757887,16.9479090242113
1297,192,40 to 50 years,"Camden County, NC",87.10543989254533,12.894560107454668
2165,217,50 to 64 years,"Camden County, NC",90.89000839630563,9.109991603694375
44210,6861,Total,"Carteret County, NC",86.56576139100468,13.43423860899532
11084,727,Under 18,"Carteret County, NC",93.84472102277537,6.155278977224621
12108,2783,18 to 40 years,"Carteret County, NC",81.31085890806527,18.689141091934726
6515,1348,40 to 50 years,"Carteret County, NC",82.8564161261605,17.1435838738395
14503,2003,50 to 64 years,"Carteret County, NC",87.86501878104932,12.134981218950685
14122,2162,Total,"Caswell County, NC",86.7231638418079,13.27683615819209
3834,257,Under 18,"Caswell County, NC",93.71791737961378,6.2820826203862135
3765,940,18 to 40 years,"Caswell County, NC",80.02125398512221,19.97874601487779
2121,420,40 to 50 years,"Caswell County, NC",83.47107438016529,16.52892561983471
4402,545,50 to 64 years,"Caswell County, NC",88.98322215484131,11.016777845158682
108538,19832,Total,"Catawba County, NC",84.55090753291267,15.449092467087326
31687,2604,Under 18,"Catawba County, NC",92.40617071534805,7.5938292846519495
31241,9194,18 to 40 years,"Catawba County, NC",77.26227278347966,22.73772721652034
16479,3818,40 to 50 years,"Catawba County, NC",81.18933832586096,18.810661674139034
29131,4216,50 to 64 years,"Catawba County, NC",87.35718355474256,12.642816445257445
47945,7803,Total,"Chatham County, NC",86.00308531247758,13.996914687522422
13649,1049,Under 18,"Chatham County, NC",92.86297455436113,7.137025445638862
11966,3390,18 to 40 years,"Chatham County, NC",77.92393852565772,22.076061474342275
7778,1769,40 to 50 years,"Chatham County, NC",81.4706190426312,18.529380957368808
14552,1595,50 to 64 years,"Chatham County, NC",90.12200408744658,9.877995912553416
16342,3261,Total,"Cherokee County, NC",83.36479110340254,16.635208896597458
4278,319,Under 18,"Cherokee County, NC",93.06069175549271,6.939308244507288
4035,1464,18 to 40 years,"Cherokee County, NC",73.37697763229679,26.623022367703218
2406,619,40 to 50 years,"Cherokee County, NC",79.53719008264463,20.462809917355372
5623,859,50 to 64 years,"Cherokee County, NC",86.74791730947238,13.252082690527615
9035,1207,Total,"Chowan County, NC",88.21519234524507,11.78480765475493
2531,146,Under 18,"Chowan County, NC",94.54613373178931,5.4538662682106835
2549,554,18 to 40 years,"Chowan County, NC",82.14631002255881,17.853689977441185
1241,220,40 to 50 years,"Chowan County, NC",84.94182067077344,15.058179329226558
2714,287,50 to 64 years,"Chowan County, NC",90.43652115961346,9.563478840386537
6255,1302,Total,"Clay County, NC",82.77094084954346,17.229059150456532
1666,150,Under 18,"Clay County, NC",91.74008810572687,8.259911894273127
1539,545,18 to 40 years,"Clay County, NC",73.84836852207293,26.151631477927065
903,246,40 to 50 years,"Clay County, NC",78.59007832898172,21.409921671018278
2147,361,50 to 64 years,"Clay County, NC",85.60606060606061,14.393939393939394
66724,10527,Total,"Cleveland County, NC",86.37299193537947,13.627008064620522
19773,959,Under 18,"Cleveland County, NC",95.3743005981092,4.625699401890797
19649,4736,18 to 40 years,"Cleveland County, NC",80.57822431822842,19.42177568177158
9329,2277,40 to 50 years,"Cleveland County, NC",80.38083749784595,19.619162502154058
17973,2555,50 to 64 years,"Cleveland County, NC",87.55358534684333,12.446414653156664
33987,6779,Total,"Columbus County, NC",83.3709463768827,16.629053623117304
10331,661,Under 18,"Columbus County, NC",93.98653566229986,6.013464337700146
9615,3255,18 to 40 years,"Columbus County, NC",74.70862470862471,25.291375291375292
4757,1338,40 to 50 years,"Columbus County, NC",78.04757998359311,21.95242001640689
9284,1525,50 to 64 years,"Columbus County, NC",85.89138680729022,14.108613192709779
67098,9938,Total,"Craven County, NC",87.09953787839451,12.900462121605484
19971,1249,Under 18,"Craven County, NC",94.11404335532517,5.8859566446748355
22421,5231,18 to 40 years,"Craven County, NC",81.08274265875886,18.91725734124114
8453,1626,40 to 50 years,"Craven County, NC",83.86744716737772,16.132552832622284
16253,1832,50 to 64 years,"Craven County, NC",89.87005805916506,10.129941940834946
241380,34470,Total,"Cumberland County, NC",87.50407830342577,12.495921696574225
76621,3463,Under 18,"Cumberland County, NC",95.67579042005895,4.324209579941062
88268,19181,18 to 40 years,"Cumberland County, NC",82.14874033262292,17.851259667377082
29990,5755,40 to 50 years,"Cumberland County, NC",83.8998461323262,16.1001538676738
46501,6071,50 to 64 years,"Cumberland County, NC",88.45202769535113,11.547972304648862
20245,2944,Total,"Currituck County, NC",87.3043253266635,12.695674673336496
5623,417,Under 18,"Currituck County, NC",93.09602649006622,6.903973509933775
5759,1320,18 to 40 years,"Currituck County, NC",81.35329848848707,18.646701511512926
2928,553,40 to 50 years,"Currituck County, NC",84.11376041367423,15.886239586325768
5935,654,50 to 64 years,"Currituck County, NC",90.0743663681894,9.925633631810593
24792,3918,Total,"Dare County, NC",86.35318704284222,13.646812957157785
6372,475,Under 18,"Dare County, NC",93.06265517744998,6.937344822550022
6589,1621,18 to 40 years,"Dare County, NC",80.2557856272838,19.7442143727162
3726,785,40 to 50 years,"Dare County, NC",82.59809354910219,17.401906450897805
8105,1037,50 to 64 years,"Dare County, NC",88.65674907022533,11.343250929774666
115355,19706,Total,"Davidson County, NC",85.40955568224729,14.59044431775272
33458,2042,Under 18,"Davidson County, NC",94.24788732394366,5.752112676056338
32398,9343,18 to 40 years,"Davidson County, NC",77.61673175055701,22.383268249442995
17648,3725,40 to 50 years,"Davidson County, NC",82.57146867543162,17.428531324568382
31851,4596,50 to 64 years,"Davidson County, NC",87.38990863445551,12.61009136554449
29135,4369,Total,"Davie County, NC",86.95976599808978,13.04023400191022
8245,608,Under 18,"Davie County, NC",93.13227154636846,6.867728453631537
7854,1876,18 to 40 years,"Davie County, NC",80.71942446043165,19.280575539568346
4550,867,40 to 50 years,"Davie County, NC",83.9948310873177,16.005168912682297
8486,1018,50 to 64 years,"Davie County, NC",89.28872053872054,10.711279461279462
36312,10019,Total,"Duplin County, NC",78.37516997258855,21.624830027411452
12279,1062,Under 18,"Duplin County, NC",92.03957724308522,7.960422756914774
9539,4913,18 to 40 years,"Duplin County, NC",66.00470523110988,33.99529476889012
5053,2052,40 to 50 years,"Duplin County, NC",71.11893033075299,28.881069669247008
9441,1992,50 to 64 years,"Duplin County, NC",82.57675150879034,17.423248491209655
227700,36915,Total,"Durham County, NC",86.04954367666232,13.95045632333768
60040,4064,Under 18,"Durham County, NC",93.660302009235,6.339697990765007
85930,19302,18 to 40 years,"Durham County, NC",81.65767067051847,18.342329329481526
33087,7540,40 to 50 years,"Durham County, NC",81.44091367809585,18.559086321904154
48643,6009,50 to 64 years,"Durham County, NC",89.00497694503403,10.995023054965966
34922,4790,Total,"Edgecombe County, NC",87.93815471394036,12.06184528605963
10497,431,Under 18,"Edgecombe County, NC",96.05600292825768,3.9439970717423134
10272,2380,18 to 40 years,"Edgecombe County, NC",81.18874486247233,18.811255137527663
4744,851,40 to 50 years,"Edgecombe County, NC",84.7899910634495,15.21000893655049
9409,1128,50 to 64 years,"Edgecombe County, NC",89.29486571130303,10.705134288696973
264536,43632,Total,"Forsyth County, NC",85.84148905791646,14.158510942083538
80432,4138,Under 18,"Forsyth County, NC",95.1070119427693,4.8929880572306965
81441,21014,18 to 40 years,"Forsyth County, NC",79.489531989654,20.510468010346006
37714,9087,40 to 50 years,"Forsyth County, NC",80.58374821050832,19.416251789491678
64949,9393,50 to 64 years,"Forsyth County, NC",87.36515025154019,12.634849748459821
48533,7749,Total,"Franklin County, NC",86.23183255747841,13.768167442521587
13874,925,Under 18,"Franklin County, NC",93.74957767416717,6.250422325832827
13903,3460,18 to 40 years,"Franklin County, NC",80.07256810459022,19.92743189540978
7285,1752,40 to 50 years,"Franklin County, NC",80.61303529932499,19.386964700675
13471,1612,50 to 64 years,"Franklin County, NC",89.31247099383411,10.687529006165882
159539,25668,Total,"Gaston County, NC",86.14091260049567,13.859087399504338
46597,2544,Under 18,"Gaston County, NC",94.82306017378563,5.176939826214363
48230,12689,18 to 40 years,"Gaston County, NC",79.1707020798109,20.829297920189102
24693,5252,40 to 50 years,"Gaston County, NC",82.46117882785106,17.53882117214894
40019,5183,50 to 64 years,"Gaston County, NC",88.53369319941595,11.466306800584045
8016,1068,Total,"Gates County, NC",88.24306472919419,11.756935270805812
2148,134,Under 18,"Gates County, NC",94.12795793163892,5.872042068361087
2245,458,18 to 40 years,"Gates County, NC",83.05586385497595,16.944136145024046
1073,181,40 to 50 years,"Gates County, NC",85.56618819776715,14.433811802232855
2550,295,50 to 64 years,"Gates County, NC",89.63093145869948,10.369068541300527
5106,1200,Total,"Graham County, NC",80.97050428163654,19.029495718363464
1503,133,Under 18,"Graham County, NC",91.87041564792176,8.12958435207824
1418,517,18 to 40 years,"Graham County, NC",73.28165374677003,26.718346253229974
735,230,40 to 50 years,"Graham County, NC",76.16580310880829,23.83419689119171
1450,320,50 to 64 years,"Graham County, NC",81.92090395480226,18.07909604519774
40466,6156,Total,"Granville County, NC",86.79593325039681,13.204066749603191
11355,666,Under 18,"Granville County, NC",94.45969553281756,5.54030446718243
11312,2868,18 to 40 years,"Granville County, NC",79.77433004231311,20.225669957686883
6299,1228,40 to 50 years,"Granville County, NC",83.68539922944068,16.31460077055932
11500,1394,50 to 64 years,"Granville County, NC",89.18876997052892,10.811230029471071
11696,3062,Total,"Greene County, NC",79.2519311559832,20.748068844016803
3684,317,Under 18,"Greene County, NC",92.0769807548113,7.923019245188703
3156,1487,18 to 40 years,"Greene County, NC",67.97329312944217,32.02670687055783
1609,612,40 to 50 years,"Greene County, NC",72.44484466456551,27.55515533543449
3247,646,50 to 64 years,"Greene County, NC",83.4061135371179,16.593886462882097
377148,57058,Total,"Guilford County, NC",86.85923271442587,13.140767285574128
110557,5406,Under 18,"Guilford County, NC",95.33816820882522,4.661831791174771
119683,30065,18 to 40 years,"Guilford County, NC",79.92293720116463,20.077062798835378
56918,10520,40 to 50 years,"Guilford County, NC",84.40048637266823,15.599513627331772
89990,11067,50 to 64 years,"Guilford County, NC",89.04875466320988,10.951245336790128
31863,5633,Total,"Halifax County, NC",84.9770642201835,15.022935779816514
9509,606,Under 18,"Halifax County, NC",94.00889767671775,5.991102323282254
9106,2610,18 to 40 years,"Halifax County, NC",77.72277227722772,22.277227722772277
4177,928,40 to 50 years,"Halifax County, NC",81.82174338883448,18.178256611165523
9071,1489,50 to 64 years,"Halifax County, NC",85.89962121212122,14.100378787878787
97394,17293,Total,"Harnett County, NC",84.92156914035593,15.078430859644074
32138,1926,Under 18,"Harnett County, NC",94.34593705965241,5.654062940347581
32069,8920,18 to 40 years,"Harnett County, NC",78.2380638707946,21.761936129205395
13394,3358,40 to 50 years,"Harnett County, NC",79.95463228271251,20.045367717287487
19793,3089,50 to 64 years,"Harnett County, NC",86.50030591731492,13.49969408268508
40737,5782,Total,"Haywood County, NC",87.57067004879727,12.429329951202734
10511,604,Under 18,"Haywood County, NC",94.56590193432298,5.434098065677013
11768,2689,18 to 40 years,"Haywood County, NC",81.4000138341288,18.599986165871204
6274,1061,40 to 50 years,"Haywood County, NC",85.53510565780505,14.464894342194956
12184,1428,50 to 64 years,"Haywood County, NC",89.50925653834851,10.490743461651483
73326,12599,Total,"Henderson County, NC",85.33721268548152,14.662787314518475
20297,1345,Under 18,"Henderson County, NC",93.78523241844562,6.214767581554385
20262,5774,18 to 40 years,"Henderson County, NC",77.82301428790905,22.17698571209095
11344,2343,40 to 50 years,"Henderson County, NC",82.88156644991598,17.11843355008402
21423,3137,50 to 64 years,"Henderson County, NC",87.2271986970684,12.772801302931596
13927,2196,Total,"Hertford County, NC",86.37970601004776,13.620293989952241
3965,198,Under 18,"Hertford County, NC",95.24381455681,4.756185443190007
4026,1015,18 to 40 years,"Hertford County, NC",79.86510612973616,20.134893870263838
1860,343,40 to 50 years,"Hertford County, NC",84.43032228778938,15.569677712210622
4076,640,50 to 64 years,"Hertford County, NC",86.42917726887192,13.570822731128075
40085,7934,Total,"Hoke County, NC",83.47737353964055,16.52262646035944
13562,919,Under 18,"Hoke County, NC",93.6537531938402,6.346246806159796
13492,4358,18 to 40 years,"Hoke County, NC",75.58543417366947,24.41456582633053
5281,1375,40 to 50 years,"Hoke County, NC",79.34194711538461,20.658052884615383
7750,1282,50 to 64 years,"Hoke County, NC",85.80602302922941,14.193976970770594
2792,562,Total,"Hyde County, NC",83.24388789505069,16.756112104949313
742,64,Under 18,"Hyde County, NC",92.05955334987593,7.94044665012407
730,224,18 to 40 years,"Hyde County, NC",76.51991614255765,23.48008385744235
426,114,40 to 50 years,"Hyde County, NC",78.88888888888889,21.11111111111111
894,160,50 to 64 years,"Hyde County, NC",84.81973434535104,15.180265654648956
132513,19485,Total,"Iredell County, NC",87.18075237832076,12.819247621679233
38366,2427,Under 18,"Iredell County, NC",94.05044983207904,5.949550167920967
38992,8610,18 to 40 years,"Iredell County, NC",81.9125246838368,18.087475316163186
21091,4008,40 to 50 years,"Iredell County, NC",84.03123630423522,15.968763695764771
34064,4440,50 to 64 years,"Iredell County, NC",88.46873052150426,11.53126947849574
24991,5921,Total,"Jackson County, NC",80.84562629399586,19.15437370600414
6466,580,Under 18,"Jackson County, NC",91.76837922225376,8.231620777746238
8362,3031,18 to 40 years,"Jackson County, NC",73.39594487843412,26.604055121565874
3549,1015,40 to 50 years,"Jackson County, NC",77.76073619631902,22.23926380368098
6614,1295,50 to 64 years,"Jackson County, NC",83.62624857756985,16.373751422430143
153111,25998,Total,"Johnston County, NC",85.48481650838316,14.515183491616837
48894,2958,Under 18,"Johnston County, NC",94.29530201342281,5.704697986577181
44028,12292,18 to 40 years,"Johnston County, NC",78.1747159090909,21.82528409090909
24802,5736,40 to 50 years,"Johnston County, NC",81.21684458707185,18.783155412928156
35387,5012,50 to 64 years,"Johnston County, NC",87.593752320602,12.406247679398005
5791,1226,Total,"Jones County, NC",82.52814593130968,17.471854068690323
1524,118,Under 18,"Jones County, NC",92.81364190012181,7.1863580998781975
1570,562,18 to 40 years,"Jones County, NC",73.63977485928706,26.360225140712945
816,209,40 to 50 years,"Jones County, NC",79.60975609756098,20.390243902439025
1881,337,50 to 64 years,"Jones County, NC",84.80613165013526,15.193868349864744
42348,8032,Total,"Lee County, NC",84.0571655418817,15.9428344581183
13323,874,Under 18,"Lee County, NC",93.84376981052336,6.15623018947665
12448,3933,18 to 40 years,"Lee County, NC",75.99047677186985,24.00952322813015
5992,1571,40 to 50 years,"Lee County, NC",79.22781964828772,20.772180351712283
10585,1654,50 to 64 years,"Lee County, NC",86.48582400522919,13.514175994770815
37120,6522,Total,"Lenoir County, NC",85.05568030796022,14.944319692039779
11276,593,Under 18,"Lenoir County, NC",95.00379138933356,4.996208610666442
10474,3198,18 to 40 years,"Lenoir County, NC",76.6091281451141,23.390871854885898
5083,1242,40 to 50 years,"Lenoir County, NC",80.36363636363636,19.636363636363637
10287,1489,50 to 64 years,"Lenoir County, NC",87.35563858695652,12.644361413043478
61222,9115,Total,"Lincoln County, NC",87.04095994995521,12.959040050044784
16847,1090,Under 18,"Lincoln County, NC",93.9231755589006,6.0768244410994035
16642,4082,18 to 40 years,"Lincoln County, NC",80.3030303030303,19.696969696969695
10111,1898,40 to 50 years,"Lincoln County, NC",84.19518694312599,15.80481305687401
17622,2045,50 to 64 years,"Lincoln County, NC",89.6018711547262,10.398128845273808
29905,5200,Total,"McDowell County, NC",85.18729525708588,14.812704742914114
8356,521,Under 18,"McDowell County, NC",94.13090007885548,5.869099921144531
8419,2280,18 to 40 years,"McDowell County, NC",78.68959715861295,21.310402841387045
4739,1017,40 to 50 years,"McDowell County, NC",82.33148019457957,17.66851980542043
8391,1382,50 to 64 years,"McDowell County, NC",85.85899928374091,14.14100071625908
20671,4592,Total,"Macon County, NC",81.82321972845664,18.176780271543365
5851,562,Under 18,"Macon County, NC",91.23655075627632,8.763449243723686
5588,2073,18 to 40 years,"Macon County, NC",72.9408693382065,27.0591306617935
2763,784,40 to 50 years,"Macon County, NC",77.89681420919086,22.103185790809135
6469,1173,50 to 64 years,"Macon County, NC",84.65061502224549,15.349384977754514
13727,2121,Total,"Madison County, NC",86.61660777385158,13.383392226148409
3528,201,Under 18,"Madison County, NC",94.60981496379726,5.390185036202736
3957,1012,18 to 40 years,"Madison County, NC",79.6337291205474,20.366270879452607
2253,422,40 to 50 years,"Madison County, NC",84.22429906542057,15.77570093457944
3989,486,50 to 64 years,"Madison County, NC",89.13966480446928,10.860335195530727
14609,2180,Total,"Martin County, NC",87.0153076419084,12.984692358091607
4121,218,Under 18,"Martin County, NC",94.97580087577784,5.024199124222171
4052,1000,18 to 40 years,"Martin County, NC",80.20585906571655,19.79414093428345
2013,410,40 to 50 years,"Martin County, NC",83.07882789929839,16.92117210070161
4423,552,50 to 64 years,"Martin County, NC",88.90452261306532,11.095477386934673
841744,127730,Total,"Mecklenburg County, NC",86.82481428073368,13.175185719266324
240143,14616,Under 18,"Mecklenburg County, NC",94.26281309001841,5.737186909981591
299918,66021,18 to 40 years,"Mecklenburg County, NC",81.95846848791739,18.041531512082614
130141,25443,40 to 50 years,"Mecklenburg County, NC",83.64677601809954,16.353223981900452
171542,21650,50 to 64 years,"Mecklenburg County, NC",88.7935318232639,11.206468176736097
9406,1604,Total,"Mitchell County, NC",85.4314259763851,14.568574023614895
2515,162,Under 18,"Mitchell County, NC",93.94844975719089,6.051550242809115
2573,751,18 to 40 years,"Mitchell County, NC",77.40673886883273,22.593261131167267
1440,281,40 to 50 years,"Mitchell County, NC",83.67228355607205,16.327716443927947
2878,410,50 to 64 years,"Mitchell County, NC",87.53041362530413,12.469586374695863
16845,3536,Total,"Montgomery County, NC",82.65050782591629,17.349492174083707
5197,400,Under 18,"Montgomery County, NC",92.85331427550473,7.146685724495265
4541,1596,18 to 40 years,"Montgomery County, NC",73.9938080495356,26.006191950464395
2324,710,40 to 50 years,"Montgomery County, NC",76.59854976928148,23.401450230718524
4783,830,50 to 64 years,"Montgomery County, NC",85.21289862818458,14.787101371815428
67377,9196,Total,"Moore County, NC",87.99054497015919,12.009455029840806
19993,1330,Under 18,"Moore County, NC",93.76260376119683,6.2373962388031705
20640,4049,18 to 40 years,"Moore County, NC",83.59998379845275,16.40001620154725
9428,1916,40 to 50 years,"Moore County, NC",83.11001410437235,16.889985895627646
17316,1901,50 to 64 years,"Moore County, NC",90.10771712546183,9.89228287453817
64769,9344,Total,"Nash County, NC",87.39222538555988,12.607774614440112
18869,1022,Under 18,"Nash County, NC",94.86199788849228,5.138002111507717
19150,4443,18 to 40 years,"Nash County, NC",81.16814309329038,18.831856906709618
9465,1784,40 to 50 years,"Nash County, NC",84.14081251666815,15.859187483331851
17285,2095,50 to 64 years,"Nash County, NC",89.18988648090816,10.810113519091848
161932,22453,Total,"New Hanover County, NC",87.82276215527294,12.177237844727065
40242,1930,Under 18,"New Hanover County, NC",95.42350374656169,4.5764962534383
57342,11726,18 to 40 years,"New Hanover County, NC",83.02252852261539,16.977471477384608
24574,4385,40 to 50 years,"New Hanover County, NC",84.8579025518837,15.142097448116303
39774,4412,50 to 64 years,"New Hanover County, NC",90.01493685782827,9.985063142171729
11695,1740,Total,"Northampton County, NC",87.0487532564198,12.951246743580201
3038,159,Under 18,"Northampton County, NC",95.02658742571161,4.973412574288395
3152,799,18 to 40 years,"Northampton County, NC",79.77727157681599,20.222728423184005
1558,284,40 to 50 years,"Northampton County, NC",84.58197611292074,15.418023887079261
3947,498,50 to 64 years,"Northampton County, NC",88.79640044994376,11.203599550056243
140899,16678,Total,"Onslow County, NC",89.41596806640563,10.58403193359437
45348,1917,Under 18,"Onslow County, NC",95.94414471596319,4.055855284036814
59807,9728,18 to 40 years,"Onslow County, NC",86.00992306032933,13.990076939670669
14470,2575,40 to 50 years,"Onslow County, NC",84.89293047814608,15.107069521853916
21274,2458,50 to 64 years,"Onslow County, NC",89.64267655486263,10.357323445137368
104889,12277,Total,"Orange County, NC",89.52170424867282,10.478295751327177
27146,1508,Under 18,"Orange County, NC",94.73720946464717,5.26279053535283
37495,6368,18 to 40 years,"Orange County, NC",85.48206916991542,14.517930830084582
15724,2161,40 to 50 years,"Orange County, NC",87.91724909141739,12.08275090858261
24524,2240,50 to 64 years,"Orange County, NC",91.63054849798236,8.369451502017636
6985,1191,Total,"Pamlico County, NC",85.43297455968688,14.567025440313111
1715,151,Under 18,"Pamlico County, NC",91.90782422293677,8.092175777063236
1769,520,18 to 40 years,"Pamlico County, NC",77.28265618173874,22.71734381826125
907,187,40 to 50 years,"Pamlico County, NC",82.90676416819012,17.09323583180987
2594,333,50 to 64 years,"Pamlico County, NC",88.62316364878716,11.376836351212846
27132,3756,Total,"Pasquotank County, NC",87.83993783993785,12.16006216006216
8074,406,Under 18,"Pasquotank County, NC",95.2122641509434,4.787735849056604
8403,1903,18 to 40 years,"Pasquotank County, NC",81.53502813894819,18.464971861051815
3757,621,40 to 50 years,"Pasquotank County, NC",85.81544084056647,14.184559159433531
6898,826,50 to 64 years,"Pasquotank County, NC",89.30605903676852,10.693940963231487
43661,6755,Total,"Pender County, NC",86.60147572199301,13.398524278006981
12896,902,Under 18,"Pender County, NC",93.46282069865198,6.537179301348021
11953,2978,18 to 40 years,"Pender County, NC",80.05491929542562,19.945080704574377
6792,1424,40 to 50 years,"Pender County, NC",82.66796494644596,17.33203505355404
12020,1451,50 to 64 years,"Pender County, NC",89.22871353277411,10.771286467225893
8449,1242,Total,"Perquimans County, NC",87.18398514085234,12.816014859147662
2275,157,Under 18,"Perquimans County, NC",93.54440789473684,6.4555921052631575
2287,549,18 to 40 years,"Perquimans County, NC",80.64174894217207,19.35825105782793
1194,205,40 to 50 years,"Perquimans County, NC",85.34667619728377,14.653323802716226
2693,331,50 to 64 years,"Perquimans County, NC",89.05423280423281,10.945767195767196
27230,3972,Total,"Person County, NC",87.27004679187232,12.729953208127684
7452,445,Under 18,"Person County, NC",94.36494871470178,5.635051285298214
7672,1776,18 to 40 years,"Person County, NC",81.20237087214225,18.797629127857746
4232,744,40 to 50 years,"Person County, NC",85.04823151125402,14.95176848874598
7874,1007,50 to 64 years,"Person County, NC",88.66118680328792,11.338813196712081
131290,17828,Total,"Pitt County, NC",88.04436754784801,11.955632452151987
35437,1695,Under 18,"Pitt County, NC",95.43520413659377,4.564795863406227
51048,10641,18 to 40 years,"Pitt County, NC",82.75057141467684,17.24942858532315
17731,2829,40 to 50 years,"Pitt County, NC",86.24027237354086,13.759727626459144
27074,2663,50 to 64 years,"Pitt County, NC",91.04482631065676,8.955173689343242
12009,1969,Total,"Polk County, NC",85.91357848046931,14.086421519530692
2933,243,Under 18,"Polk County, NC",92.34886649874055,7.651133501259446
3125,755,18 to 40 years,"Polk County, NC",80.54123711340206,19.45876288659794
1753,366,40 to 50 years,"Polk County, NC",82.72770174610666,17.272298253893346
4198,605,50 to 64 years,"Polk County, NC",87.40370601707266,12.596293982927337
95989,20225,Total,"Randolph County, NC",82.59676114753816,17.403238852461836
29229,1894,Under 18,"Randolph County, NC",93.91446839957588,6.085531600424123
26464,9876,18 to 40 years,"Randolph County, NC",72.82333516785911,27.17666483214089
13926,4296,40 to 50 years,"Randolph County, NC",76.42410273296016,23.575897267039842
26370,4159,50 to 64 years,"Randolph County, NC",86.37688754954306,13.623112450456942
30043,5159,Total,"Richmond County, NC",85.3445826941651,14.655417305834895
9364,498,Under 18,"Richmond County, NC",94.95031433786251,5.049685662137497
8647,2548,18 to 40 years,"Richmond County, NC",77.23983921393479,22.760160786065207
4454,988,40 to 50 years,"Richmond County, NC",81.84490995957368,18.155090040426312
7578,1125,50 to 64 years,"Richmond County, NC",87.07342295760083,12.926577042399172
85346,19377,Total,"Robeson County, NC",81.4969013492738,18.5030986507262
29116,1792,Under 18,"Robeson County, NC",94.20214831111686,5.797851688883137
24405,9484,18 to 40 years,"Robeson County, NC",72.01451798518693,27.985482014813066
11737,4035,40 to 50 years,"Robeson County, NC",74.41668780116663,25.583312198833376
20088,4066,50 to 64 years,"Robeson County, NC",83.16634925892191,16.83365074107808
61389,9758,Total,"Rockingham County, NC",86.28473442309584,13.715265576904157
16837,956,Under 18,"Rockingham County, NC",94.62710054515821,5.372899454841792
17184,4432,18 to 40 years,"Rockingham County, NC",79.49666913397483,20.503330866025166
9280,1822,40 to 50 years,"Rockingham County, NC",83.58854260493605,16.41145739506395
18088,2548,50 to 64 years,"Rockingham County, NC",87.65264586160109,12.347354138398915
96304,16376,Total,"Rowan County, NC",85.46680866169685,14.53319133830316
28820,1622,Under 18,"Rowan County, NC",94.67183496485119,5.328165035148808
28237,7604,18 to 40 years,"Rowan County, NC",78.78407410507519,21.21592589492481
13856,3476,40 to 50 years,"Rowan County, NC",79.94461112393262,20.05538887606739
25391,3674,50 to 64 years,"Rowan County, NC",87.35936693617754,12.640633063822467
44208,7051,Total,"Rutherford County, NC",86.24436684289589,13.755633157104118
12579,666,Under 18,"Rutherford County, NC",94.97168742921858,5.028312570781427
12266,3147,18 to 40 years,"Rutherford County, NC",79.58217089469927,20.41782910530072
6559,1465,40 to 50 years,"Rutherford County, NC",81.74227318045862,18.257726819541375
12804,1773,50 to 64 years,"Rutherford County, NC",87.83700349866227,12.162996501337723
40329,10177,Total,"Sampson County, NC",79.84991882152616,20.150081178473844
13617,1219,Under 18,"Sampson County, NC",91.78349959557832,8.216500404421677
10604,4990,18 to 40 years,"Sampson County, NC",68.00051301782737,31.99948698217263
5765,1985,40 to 50 years,"Sampson County, NC",74.38709677419355,25.612903225806452
10343,1983,50 to 64 years,"Sampson County, NC",83.91205581697226,16.087944183027748
22037,3511,Total,"Scotland County, NC",86.25724127133239,13.742758728667607
7301,384,Under 18,"Scotland County, NC",95.00325309043592,4.996746909564086
6374,1604,18 to 40 years,"Scotland County, NC",79.8947104537478,20.105289546252195
3014,655,40 to 50 years,"Scotland County, NC",82.14772417552467,17.852275824475335
5348,868,50 to 64 years,"Scotland County, NC",86.03603603603604,13.963963963963964
41779,7153,Total,"Stanly County, NC",85.38175427123355,14.618245728766452
12331,823,Under 18,"Stanly County, NC",93.74334803101718,6.256651968982819
12041,3665,18 to 40 years,"Stanly County, NC",76.66496880173182,23.33503119826818
5944,1278,40 to 50 years,"Stanly County, NC",82.30407089448906,17.69592910551094
11463,1387,50 to 64 years,"Stanly County, NC",89.20622568093385,10.793774319066149
31091,4374,Total,"Stokes County, NC",87.66671366135627,12.333286338643733
7866,432,Under 18,"Stokes County, NC",94.7939262472885,5.206073752711497
8629,1923,18 to 40 years,"Stokes County, NC",81.775966641395,18.224033358605002
4769,944,40 to 50 years,"Stokes County, NC",83.47628216348679,16.523717836513214
9827,1075,50 to 64 years,"Stokes County, NC",90.13942395890662,9.860576041093378
46806,9396,Total,"Surry County, NC",83.28173374613003,16.71826625386997
13674,900,Under 18,"Surry County, NC",93.82461918484974,6.175380815150268
12864,4377,18 to 40 years,"Surry County, NC",74.61284148251262,25.387158517487386
7072,1998,40 to 50 years,"Surry County, NC",77.97133406835722,22.028665931642777
13196,2121,50 to 64 years,"Surry County, NC",86.1526408565646,13.847359143435398
8793,2529,Total,"Swain County, NC",77.66295707472177,22.33704292527822
2709,335,Under 18,"Swain County, NC",88.99474375821288,11.005256241787123
2607,1173,18 to 40 years,"Swain County, NC",68.96825396825396,31.03174603174603
1223,480,40 to 50 years,"Swain County, NC",71.81444509688785,28.185554903112156
2254,541,50 to 64 years,"Swain County, NC",80.64400715563507,19.355992844364938
19188,3625,Total,"Transylvania County, NC",84.10993731644238,15.890062683557622
4789,369,Under 18,"Transylvania County, NC",92.84606436603335,7.153935633966654
5373,1546,18 to 40 years,"Transylvania County, NC",77.65573059690706,22.344269403092934
2787,742,40 to 50 years,"Transylvania County, NC",78.97421365826013,21.02578634173987
6239,968,50 to 64 years,"Transylvania County, NC",86.56861384764812,13.43138615235188
2136,416,Total,"Tyrrell County, NC",83.69905956112852,16.300940438871475
647,51,Under 18,"Tyrrell County, NC",92.69340974212034,7.306590257879656
561,173,18 to 40 years,"Tyrrell County, NC",76.43051771117166,23.569482288828336
278,81,40 to 50 years,"Tyrrell County, NC",77.43732590529248,22.56267409470752
650,111,50 to 64 years,"Tyrrell County, NC",85.41392904073588,14.586070959264125
184249,23543,Total,"Union County, NC",88.66991991991992,11.33008008008008
59890,3436,Under 18,"Union County, NC",94.5741085809936,5.425891419006411
48144,10747,18 to 40 years,"Union County, NC",81.75103156679289,18.24896843320711
32630,5074,40 to 50 years,"Union County, NC",86.54254190536813,13.45745809463187
43585,4286,50 to 64 years,"Union County, NC",91.04677153182512,8.953228468174887
30038,5118,Total,"Vance County, NC",85.44202980998976,14.55797019001024
9434,479,Under 18,"Vance County, NC",95.167961262988,4.832038737012004
8891,2436,18 to 40 years,"Vance County, NC",78.49386421823961,21.506135781760396
4097,957,40 to 50 years,"Vance County, NC",81.06450336367234,18.93549663632766
7616,1246,50 to 64 years,"Vance County, NC",85.93996840442338,14.06003159557662
866829,97433,Total,"Wake County, NC",89.89558854336269,10.104411456637305
250182,12746,Under 18,"Wake County, NC",95.15228503620763,4.847714963792369
286611,47140,18 to 40 years,"Wake County, NC",85.87569775071834,14.12430224928165
145729,19495,40 to 50 years,"Wake County, NC",88.20086670217403,11.799133297825982
184307,18052,50 to 64 years,"Wake County, NC",91.07922059310434,8.920779406895665
11298,2322,Total,"Warren County, NC",82.95154185022027,17.048458149779737
3125,246,Under 18,"Warren County, NC",92.70246217739543,7.297537822604569
3050,1000,18 to 40 years,"Warren County, NC",75.30864197530865,24.691358024691358
1474,406,40 to 50 years,"Warren County, NC",78.40425531914893,21.595744680851062
3649,670,50 to 64 years,"Warren County, NC",84.48714980319518,15.512850196804816
7275,1196,Total,"Washington County, NC",85.88124188407508,14.118758115924921
2066,119,Under 18,"Washington County, NC",94.55377574370709,5.446224256292906
1941,560,18 to 40 years,"Washington County, NC",77.60895641743302,22.391043582566972
967,230,40 to 50 years,"Washington County, NC",80.78529657477026,19.21470342522974
2301,287,50 to 64 years,"Washington County, NC",88.91035548686244,11.089644513137557
35874,5399,Total,"Watauga County, NC",86.91880890654907,13.081191093450924
6649,424,Under 18,"Watauga County, NC",94.00537254347519,5.994627456524813
15886,3163,18 to 40 years,"Watauga County, NC",83.39545382959736,16.604546170402646
4711,814,40 to 50 years,"Watauga County, NC",85.26696832579185,14.733031674208144
8628,998,50 to 64 years,"Watauga County, NC",89.63224600041553,10.367753999584458
83851,15268,Total,"Wayne County, NC",84.59629334436384,15.403706655636155
26371,1626,Under 18,"Wayne County, NC",94.19223488230882,5.807765117691181
26126,7969,18 to 40 years,"Wayne County, NC",76.62707141809649,23.372928581903505
10805,2870,40 to 50 years,"Wayne County, NC",79.01279707495429,20.987202925045704
20549,2803,50 to 64 years,"Wayne County, NC",87.99674546077424,12.003254539225763
43730,8605,Total,"Wilkes County, NC",83.55784847616317,16.44215152383682
12482,840,Under 18,"Wilkes County, NC",93.69464044437773,6.305359555622279
12022,3967,18 to 40 years,"Wilkes County, NC",75.1891925698918,24.8108074301082
6479,1868,40 to 50 years,"Wilkes County, NC",77.62070204864023,22.37929795135977
12747,1930,50 to 64 years,"Wilkes County, NC",86.85017374122778,13.14982625877223
54274,10451,Total,"Wilson County, NC",83.85322518346852,16.14677481653148
16861,950,Under 18,"Wilson County, NC",94.6662175060356,5.333782493964404
15507,5412,18 to 40 years,"Wilson County, NC",74.12878244657966,25.871217553420337
7558,2151,40 to 50 years,"Wilson County, NC",77.84529817694923,22.15470182305078
14348,1938,50 to 64 years,"Wilson County, NC",88.10020876826722,11.899791231732777
25127,4551,Total,"Yadkin County, NC",84.66540872026417,15.33459127973583
7071,549,Under 18,"Yadkin County, NC",92.79527559055119,7.2047244094488185
6910,2095,18 to 40 years,"Yadkin County, NC",76.73514714047751,23.264852859522488
3740,864,40 to 50 years,"Yadkin County, NC",81.23370981754995,18.766290182450042
7406,1043,50 to 64 years,"Yadkin County, NC",87.65534382767191,12.344656172328087
11089,2069,Total,"Yancey County, NC",84.27572579419365,15.724274205806353
2969,231,Under 18,"Yancey County, NC",92.78125,7.21875
3110,902,18 to 40 years,"Yancey County, NC",77.51744765702891,22.482552342971086
1696,419,40 to 50 years,"Yancey County, NC",80.18912529550828,19.810874704491727
3314,517,50 to 64 years,"Yancey County, NC",86.50482902636388,13.495170973636126
