Number Insured,Number Uninsured,Income Category,County,Percentage Insured,Percentage Uninsured
40193,2507,Over 400% of Poverty,"Alamance County, NC",94.1288056206089,5.871194379391101
27025,3960,250% to 400% of Poverty,"Alamance County, NC",87.21962239793449,12.780377602065515
9624,2305,200% to 250% of Poverty,"Alamance County, NC",80.67734093385866,19.322659066141338
12797,3519,138% to 200% of Poverty,"Alamance County, NC",78.43221377788673,21.567786222113263
24827,7531,Under 138% of Poverty,"Alamance County, NC",76.7260028431918,23.273997156808207
7422,459,Over 400% of Poverty,"Alexander County, NC",94.17586600685192,5.824133993148077
6943,898,250% to 400% of Poverty,"Alexander County, NC",88.54737916082132,11.452620839178676
2347,489,200% to 250% of Poverty,"Alexander County, NC",82.75740479548661,17.2425952045134
3053,737,138% to 200% of Poverty,"Alexander County, NC",80.55408970976254,19.445910290237467
4796,1284,Under 138% of Poverty,"Alexander County, NC",78.88157894736842,21.11842105263158
1595,171,Over 400% of Poverty,"Alleghany County, NC",90.31710079275199,9.682899207248019
1519,270,250% to 400% of Poverty,"Alleghany County, NC",84.9077697037451,15.092230296254892
637,181,200% to 250% of Poverty,"Alleghany County, NC",77.87286063569682,22.12713936430318
787,259,138% to 200% of Poverty,"Alleghany County, NC",75.23900573613767,24.760994263862333
1797,654,Under 138% of Poverty,"Alleghany County, NC",73.3170134638923,26.682986536107713
3429,253,Over 400% of Poverty,"Anson County, NC",93.12873438348724,6.871265616512765
3499,433,250% to 400% of Poverty,"Anson County, NC",88.98779247202441,11.012207527975585
1441,272,200% to 250% of Poverty,"Anson County, NC",84.12142440163456,15.87857559836544
2403,464,138% to 200% of Poverty,"Anson County, NC",83.81583536798047,16.18416463201953
4707,950,Under 138% of Poverty,"Anson County, NC",83.20664663249072,16.79335336750928
4626,388,Over 400% of Poverty,"Ashe County, NC",92.26166733147188,7.7383326685281215
4268,625,250% to 400% of Poverty,"Ashe County, NC",87.22665031677907,12.773349683220928
1862,461,200% to 250% of Poverty,"Ashe County, NC",80.15497201894102,19.845027981058976
2055,543,138% to 200% of Poverty,"Ashe County, NC",79.09930715935334,20.900692840646652
3702,1244,Under 138% of Poverty,"Ashe County, NC",74.84836231298019,25.151637687019814
2497,274,Over 400% of Poverty,"Avery County, NC",90.11187297004692,9.888127029953086
2333,383,250% to 400% of Poverty,"Avery County, NC",85.89837997054492,14.10162002945508
887,250,200% to 250% of Poverty,"Avery County, NC",78.01231310466139,21.98768689533861
1193,404,138% to 200% of Poverty,"Avery County, NC",74.70256731371322,25.297432686286786
2096,824,Under 138% of Poverty,"Avery County, NC",71.78082191780823,28.21917808219178
9321,670,Over 400% of Poverty,"Beaufort County, NC",93.2939645681113,6.7060354318887
6745,921,250% to 400% of Poverty,"Beaufort County, NC",87.985911818419,12.014088181581007
2505,558,200% to 250% of Poverty,"Beaufort County, NC",81.78256611165524,18.21743388834476
3536,869,138% to 200% of Poverty,"Beaufort County, NC",80.27241770715096,19.727582292849036
7821,2022,Under 138% of Poverty,"Beaufort County, NC",79.45748247485523,20.542517525144774
2487,162,Over 400% of Poverty,"Bertie County, NC",93.88448471121178,6.115515288788222
2730,314,250% to 400% of Poverty,"Bertie County, NC",89.68462549277267,10.315374507227332
1036,197,200% to 250% of Poverty,"Bertie County, NC",84.02270884022708,15.977291159772912
1639,279,138% to 200% of Poverty,"Bertie County, NC",85.45359749739312,14.546402502606883
3523,687,Under 138% of Poverty,"Bertie County, NC",83.68171021377673,16.31828978622328
4462,392,Over 400% of Poverty,"Bladen County, NC",91.92418623815409,8.0758137618459
4788,749,250% to 400% of Poverty,"Bladen County, NC",86.47281921618205,13.527180783817952
2084,492,200% to 250% of Poverty,"Bladen County, NC",80.90062111801242,19.099378881987576
2948,654,138% to 200% of Poverty,"Bladen County, NC",81.84342032204331,18.156579677956692
6466,1707,Under 138% of Poverty,"Bladen County, NC",79.11415636853053,20.885843631469474
35483,2178,Over 400% of Poverty,"Brunswick County, NC",94.21682908048113,5.783170919518866
18741,2745,250% to 400% of Poverty,"Brunswick County, NC",87.22423903937448,12.775760960625524
6722,1530,200% to 250% of Poverty,"Brunswick County, NC",81.45904023267087,18.54095976732913
8447,2443,138% to 200% of Poverty,"Brunswick County, NC",77.5665748393021,22.433425160697887
13410,3977,Under 138% of Poverty,"Brunswick County, NC",77.12658883073561,22.873411169264394
67413,4261,Over 400% of Poverty,"Buncombe County, NC",94.05502692747719,5.944973072522812
41582,5872,250% to 400% of Poverty,"Buncombe County, NC",87.6259114089434,12.374088591056601
15358,3731,200% to 250% of Poverty,"Buncombe County, NC",80.45471213788045,19.545287862119544
18177,5726,138% to 200% of Poverty,"Buncombe County, NC",76.04484792703845,23.955152072961553
30372,9903,Under 138% of Poverty,"Buncombe County, NC",75.41154562383613,24.588454376163874
16581,1185,Over 400% of Poverty,"Burke County, NC",93.32995609591354,6.670043904086457
14306,2150,250% to 400% of Poverty,"Burke County, NC",86.934856587263,13.065143412736996
6172,1484,200% to 250% of Poverty,"Burke County, NC",80.61650992685476,19.383490073145246
7647,1884,138% to 200% of Poverty,"Burke County, NC",80.23292414227258,19.767075857727416
13678,3985,Under 138% of Poverty,"Burke County, NC",77.43871369529525,22.56128630470475
79886,3906,Over 400% of Poverty,"Cabarrus County, NC",95.33845713194577,4.661542868054229
37768,4631,250% to 400% of Poverty,"Cabarrus County, NC",89.07757258425906,10.922427415740938
11594,2273,200% to 250% of Poverty,"Cabarrus County, NC",83.60856710175236,16.39143289824764
14700,3867,138% to 200% of Poverty,"Cabarrus County, NC",79.17272580384554,20.827274196154466
21940,6216,Under 138% of Poverty,"Cabarrus County, NC",77.92300042619691,22.076999573803096
15171,1115,Over 400% of Poverty,"Caldwell County, NC",93.15362888370379,6.846371116296205
14360,2173,250% to 400% of Poverty,"Caldwell County, NC",86.85658985060182,13.143410149398173
5248,1254,200% to 250% of Poverty,"Caldwell County, NC",80.71362657643802,19.28637342356198
7271,1759,138% to 200% of Poverty,"Caldwell County, NC",80.5204872646733,19.47951273532669
12576,3554,Under 138% of Poverty,"Caldwell County, NC",77.96652200867948,22.03347799132052
3282,169,Over 400% of Poverty,"Camden County, NC",95.10286873370038,4.897131266299623
2250,244,250% to 400% of Poverty,"Camden County, NC",90.21651964715316,9.783480352846832
707,125,200% to 250% of Poverty,"Camden County, NC",84.97596153846153,15.024038461538462
748,196,138% to 200% of Poverty,"Camden County, NC",79.23728813559322,20.76271186440678
1039,282,Under 138% of Poverty,"Camden County, NC",78.65253595760787,21.347464042392126
17878,1167,Over 400% of Poverty,"Carteret County, NC",93.8724074560252,6.127592543974797
11445,1535,250% to 400% of Poverty,"Carteret County, NC",88.17411402157165,11.825885978428351
3535,812,200% to 250% of Poverty,"Carteret County, NC",81.32045088566828,18.679549114331724
4266,1217,138% to 200% of Poverty,"Carteret County, NC",77.80412183111436,22.195878168885645
7086,2130,Under 138% of Poverty,"Carteret County, NC",76.88802083333333,23.111979166666668
4050,290,Over 400% of Poverty,"Caswell County, NC",93.31797235023042,6.682027649769585
3690,495,250% to 400% of Poverty,"Caswell County, NC",88.17204301075269,11.827956989247312
1306,248,200% to 250% of Poverty,"Caswell County, NC",84.04118404118404,15.95881595881596
1666,367,138% to 200% of Poverty,"Caswell County, NC",81.94786030496803,18.052139695031972
3410,762,Under 138% of Poverty,"Caswell County, NC",81.7353787152445,18.264621284755513
39547,2717,Over 400% of Poverty,"Catawba County, NC",93.57136096914631,6.428639030853682
27084,4091,250% to 400% of Poverty,"Catawba County, NC",86.87730553327987,13.122694466720128
9785,2632,200% to 250% of Poverty,"Catawba County, NC",78.8032536039301,21.196746396069905
13239,3916,138% to 200% of Poverty,"Catawba County, NC",77.17283590789857,22.827164092101427
18883,6476,Under 138% of Poverty,"Catawba County, NC",74.46271540675895,25.537284593241058
25914,1455,Over 400% of Poverty,"Chatham County, NC",94.68376630494355,5.316233695056451
9392,1525,250% to 400% of Poverty,"Chatham County, NC",86.03096088669048,13.969039113309517
3233,948,200% to 250% of Poverty,"Chatham County, NC",77.32599856493661,22.67400143506338
3537,1388,138% to 200% of Poverty,"Chatham County, NC",71.81725888324873,28.18274111675127
5869,2487,Under 138% of Poverty,"Chatham County, NC",70.23695548109143,29.76304451890857
4533,447,Over 400% of Poverty,"Cherokee County, NC",91.02409638554217,8.975903614457831
3833,580,250% to 400% of Poverty,"Cherokee County, NC",86.85701336958985,13.142986630410151
1729,417,200% to 250% of Poverty,"Cherokee County, NC",80.56849953401678,19.431500465983223
2154,582,138% to 200% of Poverty,"Cherokee County, NC",78.7280701754386,21.271929824561404
4093,1235,Under 138% of Poverty,"Cherokee County, NC",76.82057057057057,23.17942942942943
2813,177,Over 400% of Poverty,"Chowan County, NC",94.08026755852843,5.919732441471572
2104,246,250% to 400% of Poverty,"Chowan County, NC",89.53191489361703,10.46808510638298
746,144,200% to 250% of Poverty,"Chowan County, NC",83.82022471910112,16.179775280898877
1050,199,138% to 200% of Poverty,"Chowan County, NC",84.06725380304243,15.932746196957567
2322,441,Under 138% of Poverty,"Chowan County, NC",84.03908794788273,15.960912052117264
1662,157,Over 400% of Poverty,"Clay County, NC",91.36888400219901,8.63111599780099
1546,252,250% to 400% of Poverty,"Clay County, NC",85.98442714126807,14.015572858731923
624,156,200% to 250% of Poverty,"Clay County, NC",80.0,20.0
795,225,138% to 200% of Poverty,"Clay County, NC",77.94117647058823,22.058823529411764
1628,512,Under 138% of Poverty,"Clay County, NC",76.07476635514018,23.925233644859812
17487,1244,Over 400% of Poverty,"Cleveland County, NC",93.35860338476323,6.641396615236773
16056,2107,250% to 400% of Poverty,"Cleveland County, NC",88.3994934757474,11.600506524252602
6449,1312,200% to 250% of Poverty,"Cleveland County, NC",83.09496198943435,16.905038010565647
9010,1942,138% to 200% of Poverty,"Cleveland County, NC",82.2680788897005,17.73192111029949
17722,3922,Under 138% of Poverty,"Cleveland County, NC",81.87950471262243,18.120495287377565
8244,886,Over 400% of Poverty,"Columbus County, NC",90.29572836801752,9.704271631982476
7440,1336,250% to 400% of Poverty,"Columbus County, NC",84.77666362807658,15.223336371923427
3074,755,200% to 250% of Poverty,"Columbus County, NC",80.28205797858449,19.717942021415514
4519,1055,138% to 200% of Poverty,"Columbus County, NC",81.07283817725153,18.927161822748474
10710,2747,Under 138% of Poverty,"Columbus County, NC",79.58683213197592,20.413167868024075
23006,1341,Over 400% of Poverty,"Craven County, NC",94.49213455456524,5.5078654454347555
15649,1931,250% to 400% of Poverty,"Craven County, NC",89.01592718998862,10.984072810011376
6694,1376,200% to 250% of Poverty,"Craven County, NC",82.94919454770756,17.05080545229244
7800,1818,138% to 200% of Poverty,"Craven County, NC",81.0979413599501,18.902058640049905
13949,3472,Under 138% of Poverty,"Craven County, NC",80.07003042305264,19.92996957694736
66722,4283,Over 400% of Poverty,"Cumberland County, NC",93.96803042039294,6.03196957960707
56527,6990,250% to 400% of Poverty,"Cumberland County, NC",88.99507218539918,11.004927814600816
24188,4169,200% to 250% of Poverty,"Cumberland County, NC",85.29816271114716,14.70183728885284
32469,6564,138% to 200% of Poverty,"Cumberland County, NC",83.1834601491046,16.816539850895396
61474,12464,Under 138% of Poverty,"Cumberland County, NC",83.14263301685196,16.857366983148044
8792,551,Over 400% of Poverty,"Currituck County, NC",94.10253665846088,5.89746334153912
5362,678,250% to 400% of Poverty,"Currituck County, NC",88.7748344370861,11.225165562913908
1543,335,200% to 250% of Poverty,"Currituck County, NC",82.16187433439829,17.838125665601705
1860,541,138% to 200% of Poverty,"Currituck County, NC",77.46772178259059,22.532278217409413
2688,839,Under 138% of Poverty,"Currituck County, NC",76.21207825347321,23.787921746526795
10251,653,Over 400% of Poverty,"Dare County, NC",94.01137197358767,5.988628026412326
6281,783,250% to 400% of Poverty,"Dare County, NC",88.91562853907135,11.084371460928653
2100,459,200% to 250% of Poverty,"Dare County, NC",82.063305978898,17.936694021101992
2660,840,138% to 200% of Poverty,"Dare County, NC",76.0,24.0
3500,1183,Under 138% of Poverty,"Dare County, NC",74.73841554559043,25.261584454409565
39226,2574,Over 400% of Poverty,"Davidson County, NC",93.84210526315789,6.157894736842105
28543,4150,250% to 400% of Poverty,"Davidson County, NC",87.3061511638577,12.693848836142294
10308,2402,200% to 250% of Poverty,"Davidson County, NC",81.1014948859166,18.8985051140834
13236,3579,138% to 200% of Poverty,"Davidson County, NC",78.71543264942017,21.284567350579838
24042,7001,Under 138% of Poverty,"Davidson County, NC",77.4474116548014,22.552588345198597
12382,665,Over 400% of Poverty,"Davie County, NC",94.9030428450985,5.09695715490151
7134,936,250% to 400% of Poverty,"Davie County, NC",88.40148698884758,11.598513011152416
2589,579,200% to 250% of Poverty,"Davie County, NC",81.72348484848484,18.276515151515152
2774,786,138% to 200% of Poverty,"Davie County, NC",77.92134831460675,22.078651685393258
4256,1403,Under 138% of Poverty,"Davie County, NC",75.207633857572,24.79236614242799
8024,872,Over 400% of Poverty,"Duplin County, NC",90.1978417266187,9.802158273381295
8002,1663,250% to 400% of Poverty,"Duplin County, NC",82.79358510087947,17.20641489912054
3522,1169,200% to 250% of Poverty,"Duplin County, NC",75.07994031123428,24.920059688765722
5198,1692,138% to 200% of Poverty,"Duplin County, NC",75.44267053701016,24.55732946298984
11566,4623,Under 138% of Poverty,"Duplin County, NC",71.44357279634319,28.556427203656803
104651,5498,Over 400% of Poverty,"Durham County, NC",95.00857928805527,4.99142071194473
44454,6555,250% to 400% of Poverty,"Durham County, NC",87.1493265894254,12.850673410574604
17458,4702,200% to 250% of Poverty,"Durham County, NC",78.78158844765343,21.21841155234657
20737,6282,138% to 200% of Poverty,"Durham County, NC",76.74969465931382,23.250305340686182
40400,13878,Under 138% of Poverty,"Durham County, NC",74.43162975791297,25.568370242087035
6679,468,Over 400% of Poverty,"Edgecombe County, NC",93.45179795718484,6.548202042815167
7364,893,250% to 400% of Poverty,"Edgecombe County, NC",89.18493399539784,10.815066004602155
3412,609,200% to 250% of Poverty,"Edgecombe County, NC",84.85451380253669,15.145486197463317
4941,785,138% to 200% of Poverty,"Edgecombe County, NC",86.2906042612644,13.709395738735592
12526,2035,Under 138% of Poverty,"Edgecombe County, NC",86.02431151706614,13.975688482933865
101422,5576,Over 400% of Poverty,"Forsyth County, NC",94.78868763902129,5.2113123609787095
58492,8323,250% to 400% of Poverty,"Forsyth County, NC",87.54321634363541,12.456783656364589
21515,5150,200% to 250% of Poverty,"Forsyth County, NC",80.68629289330583,19.313707106694167
27287,7597,138% to 200% of Poverty,"Forsyth County, NC",78.22210755647288,21.77789244352712
55820,16986,Under 138% of Poverty,"Forsyth County, NC",76.66950526055545,23.33049473944455
18631,1228,Over 400% of Poverty,"Franklin County, NC",93.81640565990232,6.183594340097689
11330,1530,250% to 400% of Poverty,"Franklin County, NC",88.10264385692068,11.897356143079316
4019,846,200% to 250% of Poverty,"Franklin County, NC",82.61048304213772,17.38951695786228
5496,1450,138% to 200% of Poverty,"Franklin County, NC",79.12467607255975,20.875323927440252
9057,2695,Under 138% of Poverty,"Franklin County, NC",77.06773315180395,22.93226684819605
56841,3704,Over 400% of Poverty,"Gaston County, NC",93.88223635312578,6.117763646874225
38477,5492,250% to 400% of Poverty,"Gaston County, NC",87.50938160977051,12.49061839022948
13365,2961,200% to 250% of Poverty,"Gaston County, NC",81.8632855567806,18.136714443219404
19062,5004,138% to 200% of Poverty,"Gaston County, NC",79.20718025430067,20.792819745699326
31794,8507,Under 138% of Poverty,"Gaston County, NC",78.89134264658445,21.10865735341555
2803,174,Over 400% of Poverty,"Gates County, NC",94.15518978837756,5.8448102116224385
2236,240,250% to 400% of Poverty,"Gates County, NC",90.30694668820678,9.693053311793214
698,112,200% to 250% of Poverty,"Gates County, NC",86.17283950617283,13.82716049382716
856,196,138% to 200% of Poverty,"Gates County, NC",81.36882129277566,18.631178707224336
1423,346,Under 138% of Poverty,"Gates County, NC",80.44092707744488,19.559072922555117
1148,153,Over 400% of Poverty,"Graham County, NC",88.23981552651806,11.760184473481937
1351,269,250% to 400% of Poverty,"Graham County, NC",83.39506172839506,16.604938271604937
527,142,200% to 250% of Poverty,"Graham County, NC",78.77428998505232,21.225710014947683
723,207,138% to 200% of Poverty,"Graham County, NC",77.74193548387096,22.258064516129032
1357,429,Under 138% of Poverty,"Graham County, NC",75.97984322508398,24.020156774916014
15436,917,Over 400% of Poverty,"Granville County, NC",94.3924662141503,5.607533785849691
9913,1303,250% to 400% of Poverty,"Granville County, NC",88.38266761768901,11.617332382310984
3456,799,200% to 250% of Poverty,"Granville County, NC",81.22209165687427,18.777908343125734
4234,1055,138% to 200% of Poverty,"Granville County, NC",80.05294006428436,19.947059935715636
7427,2082,Under 138% of Poverty,"Granville County, NC",78.10495320222947,21.895046797770533
2718,324,Over 400% of Poverty,"Greene County, NC",89.3491124260355,10.650887573964496
2760,546,250% to 400% of Poverty,"Greene County, NC",83.48457350272233,16.515426497277677
1088,312,200% to 250% of Poverty,"Greene County, NC",77.71428571428571,22.285714285714285
1560,562,138% to 200% of Poverty,"Greene County, NC",73.51555136663525,26.48444863336475
3570,1318,Under 138% of Poverty,"Greene County, NC",73.03600654664484,26.963993453355155
145036,8095,Over 400% of Poverty,"Guilford County, NC",94.71367652532798,5.286323474672013
80968,10804,250% to 400% of Poverty,"Guilford County, NC",88.2273460314693,11.772653968530706
31529,6652,200% to 250% of Poverty,"Guilford County, NC",82.5777219035646,17.4222780964354
42515,10809,138% to 200% of Poverty,"Guilford County, NC",79.72957767609331,20.270422323906683
77100,20698,Under 138% of Poverty,"Guilford County, NC",78.83596801570584,21.16403198429416
6610,687,Over 400% of Poverty,"Halifax County, NC",90.58517198848843,9.41482801151158
6582,1120,250% to 400% of Poverty,"Halifax County, NC",85.45832251363282,14.541677486367178
2986,713,200% to 250% of Poverty,"Halifax County, NC",80.72452014057853,19.275479859421466
4405,904,138% to 200% of Poverty,"Halifax County, NC",82.97231116971182,17.02768883028819
11280,2209,Under 138% of Poverty,"Halifax County, NC",83.62369337979094,16.37630662020906
29662,2380,Over 400% of Poverty,"Harnett County, NC",92.57224892328819,7.427751076711815
24431,3625,250% to 400% of Poverty,"Harnett County, NC",87.0794126033647,12.9205873966353
9520,2061,200% to 250% of Poverty,"Harnett County, NC",82.20360936015888,17.796390639841118
12257,3188,138% to 200% of Poverty,"Harnett County, NC",79.35901586273874,20.64098413726125
21524,6039,Under 138% of Poverty,"Harnett County, NC",78.09019337517687,21.909806624823133
14211,914,Over 400% of Poverty,"Haywood County, NC",93.95702479338843,6.04297520661157
9864,1192,250% to 400% of Poverty,"Haywood County, NC",89.21852387843705,10.781476121562953
4034,768,200% to 250% of Poverty,"Haywood County, NC",84.00666389004581,15.993336109954186
4576,1007,138% to 200% of Poverty,"Haywood County, NC",81.96310227476268,18.036897725237328
8052,1901,Under 138% of Poverty,"Haywood County, NC",80.9002310861047,19.099768913895307
28046,1837,Over 400% of Poverty,"Henderson County, NC",93.85269216611451,6.1473078338854865
19753,2778,250% to 400% of Poverty,"Henderson County, NC",87.67032089121655,12.329679108783454
6170,1460,200% to 250% of Poverty,"Henderson County, NC",80.86500655307995,19.134993446920053
8088,2475,138% to 200% of Poverty,"Henderson County, NC",76.56915648963363,23.430843510366373
11269,4049,Under 138% of Poverty,"Henderson County, NC",73.56704530617574,26.43295469382426
3298,269,Over 400% of Poverty,"Hertford County, NC",92.45864872441828,7.541351275581722
3074,434,250% to 400% of Poverty,"Hertford County, NC",87.62827822120866,12.371721778791335
1229,259,200% to 250% of Poverty,"Hertford County, NC",82.59408602150538,17.405913978494624
1843,355,138% to 200% of Poverty,"Hertford County, NC",83.84895359417652,16.151046405823475
4483,879,Under 138% of Poverty,"Hertford County, NC",83.60686311077956,16.39313688922044
10806,941,Over 400% of Poverty,"Hoke County, NC",91.98944411339065,8.010555886609348
9918,1683,250% to 400% of Poverty,"Hoke County, NC",85.49262994569433,14.507370054305664
3970,942,200% to 250% of Poverty,"Hoke County, NC",80.82247557003258,19.177524429967427
5632,1403,138% to 200% of Poverty,"Hoke County, NC",80.05685856432125,19.94314143567875
9759,2965,Under 138% of Poverty,"Hoke County, NC",76.69757937755423,23.302420622445773
702,70,Over 400% of Poverty,"Hyde County, NC",90.93264248704664,9.067357512953368
709,104,250% to 400% of Poverty,"Hyde County, NC",87.20787207872078,12.792127921279214
269,59,200% to 250% of Poverty,"Hyde County, NC",82.01219512195122,17.98780487804878
349,99,138% to 200% of Poverty,"Hyde County, NC",77.90178571428571,22.098214285714285
763,230,Under 138% of Poverty,"Hyde County, NC",76.83786505538771,23.162134944612287
60510,3370,Over 400% of Poverty,"Iredell County, NC",94.72448340638698,5.275516593613024
30912,4196,250% to 400% of Poverty,"Iredell County, NC",88.04830807793095,11.951691922069044
10836,2557,200% to 250% of Poverty,"Iredell County, NC",80.90793698200552,19.092063017994473
12192,3566,138% to 200% of Poverty,"Iredell County, NC",77.37022464779794,22.629775352202056
18063,5796,Under 138% of Poverty,"Iredell County, NC",75.70728027159562,24.292719728404375
7500,786,Over 400% of Poverty,"Jackson County, NC",90.51412020275163,9.485879797248371
5965,1130,250% to 400% of Poverty,"Jackson County, NC",84.07329105003524,15.926708949964764
2470,715,200% to 250% of Poverty,"Jackson County, NC",77.55102040816327,22.448979591836736
2671,891,138% to 200% of Poverty,"Jackson County, NC",74.98596294216732,25.014037057832677
6385,2399,Under 138% of Poverty,"Jackson County, NC",72.68897996357013,27.311020036429873
62414,3953,Over 400% of Poverty,"Johnston County, NC",94.04372655084606,5.956273449153947
35816,5258,250% to 400% of Poverty,"Johnston County, NC",87.19871451526514,12.80128548473487
12781,3146,200% to 250% of Poverty,"Johnston County, NC",80.24737866515979,19.75262133484021
15733,5083,138% to 200% of Poverty,"Johnston County, NC",75.58128362797848,24.41871637202152
26367,8558,Under 138% of Poverty,"Johnston County, NC",75.49606299212599,24.503937007874015
1457,140,Over 400% of Poverty,"Jones County, NC",91.23356293049467,8.766437069505322
1370,222,250% to 400% of Poverty,"Jones County, NC",86.05527638190955,13.944723618090451
518,119,200% to 250% of Poverty,"Jones County, NC",81.31868131868131,18.681318681318682
781,220,138% to 200% of Poverty,"Jones County, NC",78.02197802197803,21.978021978021978
1665,525,Under 138% of Poverty,"Jones County, NC",76.02739726027397,23.972602739726028
13524,992,Over 400% of Poverty,"Lee County, NC",93.16616147699091,6.833838523009093
9884,1522,250% to 400% of Poverty,"Lee County, NC",86.65614588812906,13.343854111870945
3926,1000,200% to 250% of Poverty,"Lee County, NC",79.69955339017459,20.300446609825418
5010,1369,138% to 200% of Poverty,"Lee County, NC",78.53895594920834,21.46104405079166
10004,3149,Under 138% of Poverty,"Lee County, NC",76.0586938341063,23.941306165893714
9310,730,Over 400% of Poverty,"Lenoir County, NC",92.72908366533865,7.270916334661354
7394,1071,250% to 400% of Poverty,"Lenoir County, NC",87.3479031305375,12.652096869462493
3433,801,200% to 250% of Poverty,"Lenoir County, NC",81.08171941426546,18.91828058573453
5109,1116,138% to 200% of Poverty,"Lenoir County, NC",82.07228915662651,17.927710843373493
11874,2804,Under 138% of Poverty,"Lenoir County, NC",80.89657991551982,19.103420084480174
26764,1539,Over 400% of Poverty,"Lincoln County, NC",94.56241387838745,5.43758612161255
14409,1994,250% to 400% of Poverty,"Lincoln County, NC",87.84368713040297,12.156312869597025
4476,990,200% to 250% of Poverty,"Lincoln County, NC",81.88803512623491,18.111964873765093
6181,1808,138% to 200% of Poverty,"Lincoln County, NC",77.36888221304294,22.631117786957066
9392,2784,Under 138% of Poverty,"Lincoln County, NC",77.1353482260184,22.864651773981603
7806,534,Over 400% of Poverty,"McDowell County, NC",93.59712230215827,6.402877697841727
7621,989,250% to 400% of Poverty,"McDowell County, NC",88.51335656213705,11.48664343786295
3213,716,200% to 250% of Poverty,"McDowell County, NC",81.7765334690761,18.2234665309239
3864,882,138% to 200% of Poverty,"McDowell County, NC",81.41592920353982,18.58407079646018
7401,2079,Under 138% of Poverty,"McDowell County, NC",78.06962025316456,21.930379746835442
6253,612,Over 400% of Poverty,"Macon County, NC",91.08521485797523,8.914785142024764
5417,893,250% to 400% of Poverty,"Macon County, NC",85.84786053882726,14.152139461172741
1954,541,200% to 250% of Poverty,"Macon County, NC",78.31663326653306,21.683366733466933
2360,765,138% to 200% of Poverty,"Macon County, NC",75.52,24.48
4687,1781,Under 138% of Poverty,"Macon County, NC",72.46444032158318,27.53555967841682
4193,301,Over 400% of Poverty,"Madison County, NC",93.30218068535825,6.697819314641745
3434,424,250% to 400% of Poverty,"Madison County, NC",89.00984966303784,10.990150336962156
1304,262,200% to 250% of Poverty,"Madison County, NC",83.26947637292464,16.73052362707535
1581,341,138% to 200% of Poverty,"Madison County, NC",82.25806451612904,17.741935483870968
3215,793,Under 138% of Poverty,"Madison County, NC",80.21457085828344,19.785429141716566
3441,245,Over 400% of Poverty,"Martin County, NC",93.3532284319045,6.646771568095496
3442,415,250% to 400% of Poverty,"Martin County, NC",89.24034223489758,10.75965776510241
1549,293,200% to 250% of Poverty,"Martin County, NC",84.09337676438653,15.906623235613464
1915,374,138% to 200% of Poverty,"Martin County, NC",83.6609873307121,16.3390126692879
4262,853,Under 138% of Poverty,"Martin County, NC",83.32355816226784,16.67644183773216
421277,20629,Over 400% of Poverty,"Mecklenburg County, NC",95.3318126479387,4.668187352061298
169025,25265,250% to 400% of Poverty,"Mecklenburg County, NC",86.99624272993978,13.00375727006022
60493,15929,200% to 250% of Poverty,"Mecklenburg County, NC",79.15652560780927,20.843474392190732
72040,23209,138% to 200% of Poverty,"Mecklenburg County, NC",75.633339982572,24.366660017428003
118909,42698,Under 138% of Poverty,"Mecklenburg County, NC",73.5791147660683,26.4208852339317
2648,198,Over 400% of Poverty,"Mitchell County, NC",93.04286718200984,6.9571328179901615
2711,345,250% to 400% of Poverty,"Mitchell County, NC",88.71073298429319,11.289267015706807
901,194,200% to 250% of Poverty,"Mitchell County, NC",82.28310502283105,17.71689497716895
1135,279,138% to 200% of Poverty,"Mitchell County, NC",80.26874115983027,19.73125884016973
2011,588,Under 138% of Poverty,"Mitchell County, NC",77.375913813005,22.624086186994997
4084,347,Over 400% of Poverty,"Montgomery County, NC",92.16881065222297,7.831189347777025
4168,647,250% to 400% of Poverty,"Montgomery County, NC",86.56282450674973,13.43717549325026
1759,443,200% to 250% of Poverty,"Montgomery County, NC",79.8819255222525,20.118074477747502
2402,651,138% to 200% of Poverty,"Montgomery County, NC",78.67671143137898,21.323288568621027
4432,1448,Under 138% of Poverty,"Montgomery County, NC",75.37414965986395,24.625850340136054
29016,1560,Over 400% of Poverty,"Moore County, NC",94.89795918367346,5.1020408163265305
16475,2032,250% to 400% of Poverty,"Moore County, NC",89.02037067055709,10.979629329442913
5150,1097,200% to 250% of Poverty,"Moore County, NC",82.43957099407716,17.560429005922842
5932,1547,138% to 200% of Poverty,"Moore County, NC",79.31541649953202,20.684583500467976
10804,2960,Under 138% of Poverty,"Moore County, NC",78.49462365591398,21.50537634408602
20651,1305,Over 400% of Poverty,"Nash County, NC",94.0562944069958,5.94370559300419
15465,1929,250% to 400% of Poverty,"Nash County, NC",88.909968954812,11.090031045187995
6376,1246,200% to 250% of Poverty,"Nash County, NC",83.65258462345841,16.34741537654159
7416,1549,138% to 200% of Poverty,"Nash County, NC",82.72169548243168,17.278304517568323
14861,3315,Under 138% of Poverty,"Nash County, NC",81.76166373239437,18.238336267605632
70439,3735,Over 400% of Poverty,"New Hanover County, NC",94.96454283172001,5.03545716827999
32130,4079,250% to 400% of Poverty,"New Hanover County, NC",88.73484492805656,11.26515507194344
12767,2604,200% to 250% of Poverty,"New Hanover County, NC",83.05900722139093,16.94099277860907
14896,3953,138% to 200% of Poverty,"New Hanover County, NC",79.0280651493448,20.971934850655206
31700,8082,Under 138% of Poverty,"New Hanover County, NC",79.68427932230657,20.31572067769343
2642,168,Over 400% of Poverty,"Northampton County, NC",94.02135231316726,5.9786476868327405
2874,346,250% to 400% of Poverty,"Northampton County, NC",89.25465838509317,10.745341614906833
1124,214,200% to 250% of Poverty,"Northampton County, NC",84.00597907324365,15.994020926756352
1587,299,138% to 200% of Poverty,"Northampton County, NC",84.14634146341463,15.853658536585366
3468,713,Under 138% of Poverty,"Northampton County, NC",82.94666347763693,17.05333652236307
35289,2042,Over 400% of Poverty,"Onslow County, NC",94.53001526881144,5.469984731188556
36432,3572,250% to 400% of Poverty,"Onslow County, NC",91.07089291070893,8.92910708929107
15306,2131,200% to 250% of Poverty,"Onslow County, NC",87.77886104261054,12.22113895738946
22345,3673,138% to 200% of Poverty,"Onslow County, NC",85.88285033438389,14.117149665616111
31527,5260,Under 138% of Poverty,"Onslow County, NC",85.70147062821106,14.298529371788947
57056,2023,Over 400% of Poverty,"Orange County, NC",96.57577142470252,3.424228575297483
19501,2215,250% to 400% of Poverty,"Orange County, NC",89.80014735678762,10.199852643212378
6575,1298,200% to 250% of Poverty,"Orange County, NC",83.51327321224439,16.48672678775562
7807,2332,138% to 200% of Poverty,"Orange County, NC",76.99970411283164,23.00029588716836
13950,4409,Under 138% of Poverty,"Orange County, NC",75.98453074786208,24.015469252137915
2471,173,Over 400% of Poverty,"Pamlico County, NC",93.45688350983359,6.5431164901664145
1693,228,250% to 400% of Poverty,"Pamlico County, NC",88.1311816762103,11.868818323789693
610,142,200% to 250% of Poverty,"Pamlico County, NC",81.11702127659575,18.882978723404257
776,214,138% to 200% of Poverty,"Pamlico County, NC",78.38383838383838,21.616161616161616
1435,434,Under 138% of Poverty,"Pamlico County, NC",76.77902621722846,23.220973782771537
8430,549,Over 400% of Poverty,"Pasquotank County, NC",93.88573337788172,6.114266622118276
6722,793,250% to 400% of Poverty,"Pasquotank County, NC",89.44777112441783,10.55222887558217
2319,421,200% to 250% of Poverty,"Pasquotank County, NC",84.63503649635037,15.364963503649635
3206,657,138% to 200% of Poverty,"Pasquotank County, NC",82.99249288118043,17.00750711881957
6455,1336,Under 138% of Poverty,"Pasquotank County, NC",82.85200872801951,17.14799127198049
17683,1196,Over 400% of Poverty,"Pender County, NC",93.66491869272737,6.335081307272631
10673,1452,250% to 400% of Poverty,"Pender County, NC",88.02474226804124,11.975257731958763
3576,738,200% to 250% of Poverty,"Pender County, NC",82.89290681502086,17.10709318497914
4158,1159,138% to 200% of Poverty,"Pender County, NC",78.20199360541659,21.79800639458341
7571,2210,Under 138% of Poverty,"Pender County, NC",77.40517329516409,22.594826704835906
2601,167,Over 400% of Poverty,"Perquimans County, NC",93.96676300578035,6.033236994219653
2204,261,250% to 400% of Poverty,"Perquimans County, NC",89.41176470588235,10.588235294117647
765,142,200% to 250% of Poverty,"Perquimans County, NC",84.34399117971334,15.65600882028666
950,221,138% to 200% of Poverty,"Perquimans County, NC",81.12724167378309,18.872758326216907
1929,451,Under 138% of Poverty,"Perquimans County, NC",81.05042016806723,18.949579831932773
9391,537,Over 400% of Poverty,"Person County, NC",94.59105560032232,5.408944399677679
6696,795,250% to 400% of Poverty,"Person County, NC",89.3872647176612,10.612735282338807
2405,481,200% to 250% of Poverty,"Person County, NC",83.33333333333333,16.666666666666668
2783,640,138% to 200% of Poverty,"Person County, NC",81.302950628104,18.697049371895996
5955,1519,Under 138% of Poverty,"Person County, NC",79.67621086432968,20.323789135670324
44511,2168,Over 400% of Poverty,"Pitt County, NC",95.3555131858009,4.644486814199104
26516,2704,250% to 400% of Poverty,"Pitt County, NC",90.7460643394935,9.253935660506503
10352,1742,200% to 250% of Poverty,"Pitt County, NC",85.59616338680337,14.403836613196626
14177,2943,138% to 200% of Poverty,"Pitt County, NC",82.80957943925233,17.190420560747665
35734,8271,Under 138% of Poverty,"Pitt County, NC",81.20440858993297,18.795591410067036
3941,268,Over 400% of Poverty,"Polk County, NC",93.63269185079591,6.367308149204087
3280,413,250% to 400% of Poverty,"Polk County, NC",88.81668020579475,11.183319794205254
1215,263,200% to 250% of Poverty,"Polk County, NC",82.20568335588634,17.794316644113668
1322,353,138% to 200% of Poverty,"Polk County, NC",78.92537313432835,21.074626865671643
2251,672,Under 138% of Poverty,"Polk County, NC",77.00992131371878,22.99007868628122
29350,2433,Over 400% of Poverty,"Randolph County, NC",92.34496428908535,7.65503571091464
23843,4009,250% to 400% of Poverty,"Randolph County, NC",85.60606060606061,14.393939393939394
9723,2631,200% to 250% of Poverty,"Randolph County, NC",78.70325400679941,21.296745993200584
12122,3691,138% to 200% of Poverty,"Randolph County, NC",76.65844558274837,23.34155441725163
20951,7461,Under 138% of Poverty,"Randolph County, NC",73.73996902717161,26.260030972828382
6769,596,Over 400% of Poverty,"Richmond County, NC",91.90767141887305,8.092328581126951
6172,953,250% to 400% of Poverty,"Richmond County, NC",86.62456140350878,13.375438596491229
2899,619,200% to 250% of Poverty,"Richmond County, NC",82.40477544059125,17.595224559408756
4225,879,138% to 200% of Poverty,"Richmond County, NC",82.7782131661442,17.2217868338558
9978,2112,Under 138% of Poverty,"Richmond County, NC",82.53101736972705,17.468982630272954
15707,2246,Over 400% of Poverty,"Robeson County, NC",87.48955606305353,12.510443936946471
16454,4065,250% to 400% of Poverty,"Robeson County, NC",80.18909303572299,19.810906964277013
8125,2215,200% to 250% of Poverty,"Robeson County, NC",78.57833655705996,21.421663442940037
12137,2927,138% to 200% of Poverty,"Robeson County, NC",80.5695698353691,19.43043016463091
32923,7924,Under 138% of Poverty,"Robeson County, NC",80.60077851494601,19.39922148505398
18282,1257,Over 400% of Poverty,"Rockingham County, NC",93.56671272838938,6.433287271610625
14542,1983,250% to 400% of Poverty,"Rockingham County, NC",88.0,12.0
5860,1229,200% to 250% of Poverty,"Rockingham County, NC",82.66328113979405,17.336718860205952
7975,1742,138% to 200% of Poverty,"Rockingham County, NC",82.07265616959967,17.92734383040033
14730,3547,Under 138% of Poverty,"Rockingham County, NC",80.59309514690595,19.40690485309405
30185,2057,Over 400% of Poverty,"Rowan County, NC",93.62012282116494,6.37987717883506
24910,3549,250% to 400% of Poverty,"Rowan County, NC",87.52942830036193,12.470571699638075
9017,2086,200% to 250% of Poverty,"Rowan County, NC",81.21228496802667,18.78771503197334
11123,2897,138% to 200% of Poverty,"Rowan County, NC",79.33666191155493,20.66333808844508
21069,5787,Under 138% of Poverty,"Rowan County, NC",78.45174262734585,21.548257372654156
11870,901,Over 400% of Poverty,"Rutherford County, NC",92.94495341006969,7.055046589930311
10694,1468,250% to 400% of Poverty,"Rutherford County, NC",87.92961683933564,12.070383160664365
4402,907,200% to 250% of Poverty,"Rutherford County, NC",82.91580335279714,17.084196647202862
5815,1173,138% to 200% of Poverty,"Rutherford County, NC",83.21408128219805,16.785918717801945
11427,2602,Under 138% of Poverty,"Rutherford County, NC",81.45270511084183,18.547294889158174
9724,1073,Over 400% of Poverty,"Sampson County, NC",90.06205427433547,9.937945725664536
9208,1949,250% to 400% of Poverty,"Sampson County, NC",82.53114636551044,17.46885363448956
3922,1231,200% to 250% of Poverty,"Sampson County, NC",76.1110032990491,23.8889967009509
5506,1762,138% to 200% of Poverty,"Sampson County, NC",75.75674188222345,24.243258117776556
11969,4162,Under 138% of Poverty,"Sampson County, NC",74.19874775277417,25.80125224722584
4324,448,Over 400% of Poverty,"Scotland County, NC",90.6119027661358,9.388097233864208
4552,757,250% to 400% of Poverty,"Scotland County, NC",85.74119419853079,14.258805801469203
1784,376,200% to 250% of Poverty,"Scotland County, NC",82.5925925925926,17.40740740740741
3146,542,138% to 200% of Poverty,"Scotland County, NC",85.30368763557483,14.696312364425163
8231,1388,Under 138% of Poverty,"Scotland County, NC",85.57022559517621,14.429774404823787
14162,1026,Over 400% of Poverty,"Stanly County, NC",93.24466684224387,6.755333157756123
11179,1642,250% to 400% of Poverty,"Stanly County, NC",87.19288667030654,12.807113329693472
3731,893,200% to 250% of Poverty,"Stanly County, NC",80.68771626297578,19.31228373702422
4617,1293,138% to 200% of Poverty,"Stanly County, NC",78.12182741116752,21.878172588832488
8090,2299,Under 138% of Poverty,"Stanly County, NC",77.87082491096352,22.12917508903648
10040,592,Over 400% of Poverty,"Stokes County, NC",94.4319036869827,5.568096313017306
8793,1103,250% to 400% of Poverty,"Stokes County, NC",88.8540824575586,11.14591754244139
2960,584,200% to 250% of Poverty,"Stokes County, NC",83.52144469525959,16.478555304740407
3523,749,138% to 200% of Poverty,"Stokes County, NC",82.46722846441948,17.532771535580526
5775,1346,Under 138% of Poverty,"Stokes County, NC",81.09816037073445,18.901839629265552
14422,1222,Over 400% of Poverty,"Surry County, NC",92.18869854257223,7.811301457427768
11014,1852,250% to 400% of Poverty,"Surry County, NC",85.60547178610291,14.394528213897093
4518,1229,200% to 250% of Poverty,"Surry County, NC",78.61492952844962,21.385070471550375
5849,1616,138% to 200% of Poverty,"Surry County, NC",78.35231078365706,21.647689216342933
11003,3477,Under 138% of Poverty,"Surry County, NC",75.98756906077348,24.01243093922652
2163,387,Over 400% of Poverty,"Swain County, NC",84.82352941176471,15.176470588235293
1977,534,250% to 400% of Poverty,"Swain County, NC",78.73357228195938,21.26642771804062
990,327,200% to 250% of Poverty,"Swain County, NC",75.17084282460137,24.829157175398635
1240,445,138% to 200% of Poverty,"Swain County, NC",73.59050445103857,26.409495548961424
2423,836,Under 138% of Poverty,"Swain County, NC",74.34795949677816,25.652040503221848
6536,504,Over 400% of Poverty,"Transylvania County, NC",92.8409090909091,7.159090909090909
4745,730,250% to 400% of Poverty,"Transylvania County, NC",86.66666666666667,13.333333333333334
1560,389,200% to 250% of Poverty,"Transylvania County, NC",80.04104669061057,19.95895330938943
2305,727,138% to 200% of Poverty,"Transylvania County, NC",76.02242744063325,23.977572559366756
4042,1275,Under 138% of Poverty,"Transylvania County, NC",76.02031220613128,23.979687793868724
449,46,Over 400% of Poverty,"Tyrrell County, NC",90.70707070707071,9.292929292929292
499,74,250% to 400% of Poverty,"Tyrrell County, NC",87.08551483420594,12.914485165794066
217,45,200% to 250% of Poverty,"Tyrrell County, NC",82.82442748091603,17.17557251908397
311,81,138% to 200% of Poverty,"Tyrrell County, NC",79.33673469387755,20.663265306122447
660,170,Under 138% of Poverty,"Tyrrell County, NC",79.51807228915662,20.481927710843372
100259,4731,Over 400% of Poverty,"Union County, NC",95.4938565577674,4.506143442232593
39886,5353,250% to 400% of Poverty,"Union County, NC",88.16728928579323,11.832710714206769
12533,2814,200% to 250% of Poverty,"Union County, NC",81.66416889294325,18.335831107056755
13192,4211,138% to 200% of Poverty,"Union County, NC",75.80302246739068,24.19697753260932
18379,6434,Under 138% of Poverty,"Union County, NC",74.07004392858582,25.92995607141418
6048,517,Over 400% of Poverty,"Vance County, NC",92.12490479817212,7.875095201827875
5934,864,250% to 400% of Poverty,"Vance County, NC",87.29037952338923,12.709620476610768
2996,657,200% to 250% of Poverty,"Vance County, NC",82.01478237065426,17.985217629345744
4649,906,138% to 200% of Poverty,"Vance County, NC",83.69036903690369,16.30963096309631
10411,2174,Under 138% of Poverty,"Vance County, NC",82.72546682558601,17.274533174413985
502636,20175,Over 400% of Poverty,"Wake County, NC",96.1410528852683,3.85894711473171
161459,20025,250% to 400% of Poverty,"Wake County, NC",88.9659694518525,11.034030548147495
51246,10592,200% to 250% of Poverty,"Wake County, NC",82.87137358905527,17.128626410944726
57663,17670,138% to 200% of Poverty,"Wake County, NC",76.54414400063717,23.45585599936283
93825,28971,Under 138% of Poverty,"Wake County, NC",76.40721196130167,23.59278803869833
2406,278,Over 400% of Poverty,"Warren County, NC",89.64232488822653,10.357675111773473
2671,490,250% to 400% of Poverty,"Warren County, NC",84.49857639987346,15.501423600126543
1156,270,200% to 250% of Poverty,"Warren County, NC",81.06591865357643,18.93408134642356
1597,401,138% to 200% of Poverty,"Warren County, NC",79.92992992992993,20.07007007007007
3468,883,Under 138% of Poverty,"Warren County, NC",79.70581475522869,20.294185244771317
1638,128,Over 400% of Poverty,"Washington County, NC",92.7519818799547,7.2480181200453
1619,232,250% to 400% of Poverty,"Washington County, NC",87.46623446785522,12.533765532144786
672,148,200% to 250% of Poverty,"Washington County, NC",81.95121951219512,18.048780487804876
1015,198,138% to 200% of Poverty,"Washington County, NC",83.67683429513603,16.323165704863975
2331,490,Under 138% of Poverty,"Washington County, NC",82.6302729528536,17.3697270471464
12491,737,Over 400% of Poverty,"Watauga County, NC",94.42848503175084,5.5715149682491685
7773,906,250% to 400% of Poverty,"Watauga County, NC",89.56100933287244,10.43899066712755
2707,507,200% to 250% of Poverty,"Watauga County, NC",84.22526446795271,15.774735532047293
3239,796,138% to 200% of Poverty,"Watauga County, NC",80.272614622057,19.727385377942998
9664,2453,Under 138% of Poverty,"Watauga County, NC",79.75571511100107,20.244284888998926
22988,1690,Over 400% of Poverty,"Wayne County, NC",93.15179512116055,6.848204878839452
18475,2683,250% to 400% of Poverty,"Wayne County, NC",87.31921731732677,12.68078268267322
8275,1823,200% to 250% of Poverty,"Wayne County, NC",81.9469201822143,18.0530798177857
10665,2804,138% to 200% of Poverty,"Wayne County, NC",79.18182493132377,20.81817506867622
23448,6268,Under 138% of Poverty,"Wayne County, NC",78.90698613541527,21.093013864584737
11960,979,Over 400% of Poverty,"Wilkes County, NC",92.4337274905325,7.566272509467502
11112,1815,250% to 400% of Poverty,"Wilkes County, NC",85.95961940125319,14.04038059874681
4363,1099,200% to 250% of Poverty,"Wilkes County, NC",79.879165140974,20.120834859025997
5431,1425,138% to 200% of Poverty,"Wilkes County, NC",79.21528588098016,20.784714119019835
10864,3287,Under 138% of Poverty,"Wilkes County, NC",76.77195957882836,23.22804042117165
16025,1297,Over 400% of Poverty,"Wilson County, NC",92.51241196166724,7.487588038332756
11890,1952,250% to 400% of Poverty,"Wilson County, NC",85.89799161970814,14.102008380291865
4731,1270,200% to 250% of Poverty,"Wilson County, NC",78.83686052324613,21.163139476753873
6442,1745,138% to 200% of Poverty,"Wilson County, NC",78.6857212654208,21.31427873457921
15186,4187,Under 138% of Poverty,"Wilson County, NC",78.38744644608475,21.612553553915244
8113,533,Over 400% of Poverty,"Yadkin County, NC",93.8352995604904,6.1647004395096
6344,876,250% to 400% of Poverty,"Yadkin County, NC",87.86703601108033,12.132963988919668
2300,547,200% to 250% of Poverty,"Yadkin County, NC",80.78679311556024,19.21320688443976
2982,824,138% to 200% of Poverty,"Yadkin County, NC",78.34997372569627,21.65002627430373
5388,1771,Under 138% of Poverty,"Yadkin County, NC",75.26190808772175,24.73809191227825
3062,236,Over 400% of Poverty,"Yancey County, NC",92.84414796846573,7.1558520315342635
2782,362,250% to 400% of Poverty,"Yancey County, NC",88.48600508905852,11.513994910941475
1056,227,200% to 250% of Poverty,"Yancey County, NC",82.307092751364,17.692907248636008
1556,407,138% to 200% of Poverty,"Yancey County, NC",79.26642893530311,20.733571064696893
2633,837,Under 138% of Poverty,"Yancey County, NC",75.87896253602305,24.121037463976947
